{
  "ad": { "width":550, "height":385},
  "ae": { "width":550, "height":275},
  "af": { "width":550, "height":367},
  "ag": { "width":550, "height":367},
  "al": { "width":550, "height":393},
  "am": { "width":550, "height":275},
  "ao": { "width":550, "height":367},
  "ar": { "width":550, "height":354},
  "at": { "width":550, "height":367},
  "au": { "width":550, "height":275},
  "az": { "width":550, "height":275},
  "ba": { "width":550, "height":275},
  "bb": { "width":550, "height":367},
  "bd": { "width":550, "height":330},
  "be": { "width":550, "height":477},
  "bf": { "width":550, "height":367},
  "bg": { "width":550, "height":330},
  "bh": { "width":550, "height":330},
  "bi": { "width":550, "height":330},
  "bj": { "width":550, "height":367},
  "bn": { "width":550, "height":275},
  "bo": { "width":550, "height":375},
  "br": { "width":550, "height":385},
  "bs": { "width":550, "height":275},
  "bt": { "width":550, "height":367},
  "bw": { "width":550, "height":367},
  "by": { "width":550, "height":275},
  "bz": { "width":550, "height":367},
  "ca": { "width":550, "height":275},
  "cd": { "width":550, "height":367},
  "cf": { "width":550, "height":367},
  "cg": { "width":550, "height":367},
  "ch": { "width":550, "height":550},
  "ci": { "width":550, "height":367},
  "cl": { "width":550, "height":367},
  "cm": { "width":550, "height":367},
  "cn": { "width":550, "height":367},
  "co": { "width":550, "height":367},
  "cr": { "width":550, "height":330},
  "cu": { "width":550, "height":275},
  "cv": { "width":550, "height":324},
  "cy": { "width":550, "height":330},
  "cz": { "width":550, "height":367},
  "de": { "width":550, "height":330},
  "dj": { "width":550, "height":367},
  "dk": { "width":550, "height":416},
  "dm": { "width":550, "height":275},
  "do": { "width":550, "height":344},
  "dz": { "width":550, "height":367},
  "ec": { "width":550, "height":275},
  "ee": { "width":550, "height":350},
  "eg": { "width":550, "height":367},
  "eh": { "width":550, "height":275},
  "er": { "width":550, "height":275},
  "es": { "width":550, "height":367},
  "et": { "width":550, "height":275},
  "fi": { "width":550, "height":336},
  "fj": { "width":550, "height":275},
  "fm": { "width":550, "height":289},
  "fr": { "width":550, "height":367},
  "ga": { "width":550, "height":413},
  "gb": { "width":550, "height":275},
  "gd": { "width":550, "height":330},
  "ge": { "width":550, "height":367},
  "gh": { "width":550, "height":367},
  "gm": { "width":550, "height":367},
  "gn": { "width":550, "height":367},
  "gq": { "width":550, "height":367},
  "gr": { "width":550, "height":367},
  "gt": { "width":550, "height":344},
  "gw": { "width":550, "height":275},
  "gy": { "width":550, "height":330},
  "hn": { "width":550, "height":275},
  "hr": { "width":550, "height":275},
  "ht": { "width":550, "height":330},
  "hu": { "width":550, "height":275},
  "id": { "width":550, "height":367},
  "ie": { "width":550, "height":275},
  "il": { "width":550, "height":400},
  "in": { "width":550, "height":367},
  "iq": { "width":550, "height":367},
  "ir": { "width":550, "height":314},
  "is": { "width":550, "height":396},
  "it": { "width":550, "height":367},
  "jm": { "width":550, "height":275},
  "jo": { "width":550, "height":275},
  "jp": { "width":550, "height":367},
  "ke": { "width":550, "height":367},
  "kg": { "width":550, "height":330},
  "kh": { "width":550, "height":367},
  "ki": { "width":550, "height":275},
  "km": { "width":550, "height":330},
  "kn": { "width":550, "height":367},
  "kp": { "width":550, "height":275},
  "kr": { "width":550, "height":367},
  "ks": { "width":550, "height":367},
  "kw": { "width":550, "height":275},
  "kz": { "width":550, "height":275},
  "la": { "width":550, "height":367},
  "lb": { "width":550, "height":367},
  "lc": { "width":550, "height":275},
  "li": { "width":550, "height":330},
  "lk": { "width":550, "height":275},
  "lr": { "width":550, "height":289},
  "ls": { "width":550, "height":367},
  "lt": { "width":550, "height":330},
  "lu": { "width":550, "height":330},
  "lv": { "width":550, "height":275},
  "ly": { "width":550, "height":275},
  "ma": { "width":550, "height":367},
  "mc": { "width":550, "height":440},
  "md": { "width":550, "height":275},
  "me": { "width":550, "height":275},
  "mg": { "width":550, "height":367},
  "mh": { "width":550, "height":289},
  "mk": { "width":550, "height":275},
  "ml": { "width":550, "height":367},
  "mm": { "width":550, "height":306},
  "mn": { "width":550, "height":275},
  "mr": { "width":550, "height":367},
  "mt": { "width":550, "height":367},
  "mu": { "width":550, "height":367},
  "mv": { "width":550, "height":367},
  "mw": { "width":550, "height":367},
  "mx": { "width":550, "height":314},
  "my": { "width":550, "height":275},
  "mz": { "width":550, "height":367},
  "na": { "width":550, "height":367},
  "ne": { "width":550, "height":471},
  "ng": { "width":550, "height":275},
  "ni": { "width":550, "height":330},
  "nl": { "width":550, "height":367},
  "no": { "width":550, "height":400},
  "np": { "width":550, "height":672},
  "nr": { "width":550, "height":275},
  "nz": { "width":550, "height":275},
  "om": { "width":550, "height":275},
  "pa": { "width":550, "height":367},
  "pe": { "width":550, "height":367},
  "pg": { "width":550, "height":413},
  "ph": { "width":550, "height":275},
  "pk": { "width":550, "height":367},
  "pl": { "width":550, "height":344},
  "pt": { "width":550, "height":367},
  "pw": { "width":550, "height":344},
  "py": { "width":550, "height":330},
  "qa": { "width":550, "height":216},
  "ro": { "width":550, "height":367},
  "rs": { "width":550, "height":367},
  "ru": { "width":550, "height":367},
  "rw": { "width":550, "height":367},
  "sa": { "width":550, "height":367},
  "sb": { "width":550, "height":275},
  "sc": { "width":550, "height":275},
  "sd": { "width":550, "height":275},
  "se": { "width":550, "height":344},
  "sg": { "width":550, "height":367},
  "si": { "width":550, "height":275},
  "sk": { "width":550, "height":367},
  "sl": { "width":550, "height":367},
  "sm": { "width":550, "height":413},
  "sn": { "width":550, "height":367},
  "so": { "width":550, "height":367},
  "sr": { "width":550, "height":367},
  "st": { "width":550, "height":275},
  "sv": { "width":550, "height":310},
  "sy": { "width":550, "height":367},
  "sz": { "width":550, "height":367},
  "td": { "width":550, "height":367},
  "tg": { "width":550, "height":340},
  "th": { "width":550, "height":367},
  "tj": { "width":550, "height":275},
  "tl": { "width":550, "height":275},
  "tm": { "width":550, "height":367},
  "tn": { "width":550, "height":367},
  "to": { "width":550, "height":275},
  "tr": { "width":550, "height":367},
  "tt": { "width":550, "height":330},
  "tv": { "width":550, "height":275},
  "tw": { "width":550, "height":367},
  "tz": { "width":550, "height":367},
  "ua": { "width":550, "height":367},
  "ug": { "width":550, "height":367},
  "us": { "width":550, "height":289},
  "uy": { "width":550, "height":367},
  "uz": { "width":550, "height":275},
  "va": { "width":550, "height":550},
  "vc": { "width":550, "height":367},
  "ve": { "width":550, "height":367},
  "vn": { "width":550, "height":367},
  "vu": { "width":550, "height":330},
  "ws": { "width":550, "height":275},
  "ye": { "width":550, "height":367},
  "za": { "width":550, "height":367},
  "zm": { "width":550, "height":367},
  "zw": { "width":550, "height":275}
}
